{
    "name": "ArduinoLearningKitStarter",
    "keywords": "ESP32, Learning Kit, ALKS, Robotarna, RobotikaBrno, RoboticsBrno",
    "description": "Library for the ArduinoLearningKitStarter (ALKS) board by RoboticsBrno with definition of pins and initialization of peripheries.",
    "license": "MIT",
    "repository": {
        "type": "git",
        "url": "https://github.com/RoboticsBrno/ArduinoLearningKitStarter-library.git"
    },
    "authors": [
        {
            "name": "Kryštof Černý",
            "email": "cleverline1mc@gmail.com",
            "url": "http://www.robotikabrno.cz",
            "maintainer": true
        },
        {
            "name": "Jan Mrázek",
            "email": "email@honzamrazek.cz",
            "url": "http://www.robotikabrno.cz"
        },
        {
            "name": "Jaroslav Paral",
            "email": "paral@robotikabrno.cz",
            "url": "http://www.robotikabrno.cz"
        }
    ],
    "version": "1.2.1",
    "frameworks": "arduino",
    "platforms": [
        "espressif32",
        "atmelavr"
    ],
    "dependencies": [
        {
            "name": "ServoESP32",
            "platforms": "espressif32"
        },
        {
            "name": "DHT sensor library"
        },
        {
            "name": "Adafruit Unified Sensor"
        },
        {
            "name": "ESP32 AnalogWrite",
            "platforms": "espressif32"
        }
    ]
}
